./src/add_two_numbers_0_0.Solution.addTwoNumbers._add.scala,8-25,./src/add_two_numbers_1_1.Solution.addTwoNumbers._add.scala,5-30,0.95
./src/add_two_numbers_1_1.Solution.addTwoNumbers._add.scala,7-30,./src/add_two_numbers_2_2.Add2Num.add2Nums._add.scala,2-18,0.8
./src/add_two_numbers_2_2.Add2Num.add2Nums._add.scala,2-18,./src/add_two_numbers_3_1.ProcessTwoNum.processTwo.numManu.scala,2-20,0.6
./src/add_two_numbers_3_2.Add2Num.add2Nums._add.scala,3-18,./src/add_two_numbers_4_2.addTwo.add_Nodes.scala,7-30,0.15
./src/level_order_1_1.levelOrder.go.scala,4-16,./src/level_order_4_1.LevelOrder.level.go.scala,6-13,0.3
./src/level_order_2_1.lelOrder.go.scala,2-12,./src/level_order_2_2.lelOrder.go.scala,3-12,0.99
./src/level_order_3_1.levelOrder.order.scala,2-20,./src/level_order_3_2.lelOrd.lelTraverse.scala,4-18,0.85
./src/level_order_4_2.levelOrder.leveOfList.scala,1-11,./src/level_order_4_3.levelOrder.listLevel.scala,1-11,0.66
./src/longest_substrs_0_0.lengthOfLongestSubstring.scala,1-13,./src/longest_substrs_2_1.lengthOfLongestSubstrs.scala,1-18,0.8
./src/longest_substrs_1_1.lengthOfLongestSubstring.scala,1-21,./src/longest_substrs_3_2.Solution.longSubstr.scala,2-15,0.45
./src/longest_substrs_2_1.lengthOfLongestSubstrs.scala,1-18,./src/longest_substrs_2_2.longestSub.scala,1-14,0.82
./src/longest_substrs_4_1.FindLongest.lengthOfSubs._do.scala,5-21,./src/longest_substrs_4_2.lengthOfLongestSubstring._do.scala,1-17,0.4
./src/merge_trees_0_0.MergeTwoTrees.mergeTrees.scala,1-16,./src/merge_trees_1_1.MergeTwoTrees.mergeTrees.scala,1-23,0.99
./src/merge_trees_0_0.MergeTwoTrees.mergeTrees.scala,2-16,./src/merge_trees_2_2.Solution.mergeTrees.scala,10-28,0.85
./src/merge_trees_2_1.Solution.merge.scala,2-20,./src/merge_trees_3_1.MergeTrees.merge.scala,4-19,0.4
./src/push_dominoes_0_0.pushDominoes.calc.scala,1-33,./src/push_dominoes_1_1.pushDominoes.calc.scala,3-38,0.98
./src/push_dominoes_1_1.pushDominoes.calc.scala,3-38,./src/push_dominoes_2_2.predictDominoes.leftOrRight.scala,2-38,0.85
./src/push_dominoes_2_2.predictDominoes.leftOrRight.scala,2-38,./src/push_dominoes_3_2.coinStats.countStates.scala,1-36,0.3
./src/push_dominoes_4_1.pushDominoes.scala,1-31,./src/push_dominoes_4_2.throwCoins.scala,1-46,0.79
./src/rotate_image_2_2.rotate_image.func.scala,1-22,./src/rotate_image_4_1.Solution.rotateImage.rotIndex.scala,2-14,0.2
./src/rotate_image_2_2.rotate_image.func.scala,1-22,./src/rotate_image_4_1.Solution.rotateImage.rotIndex.scala,2-14,0.2